Product_Name,Product_Description,Product_Type,Price,Ratings,No_of_reviews,Predicted_Category
CMF by Nothing Phone 1 ,6 GB RAM | 128 GB ROM | Expandable Upto 2 TB16.94 cm (6.67 inch) Full HD+ Display50MP + 2MP | 16MP Front Camera5000 mAh BatteryDimensity 7300 5G Processor1 Year Manufacturing Warranty,Android mobile,15999,2.2,2320.0,Economic
realme 13 Pro+ 5G ,12 GB RAM | 512 GB ROM17.02 cm (6.7 inch) Full HD+ Display50MP + 8MP + 50MP | 32MP Front Camera5200 mAh BatterySnapdragon 7s Gen2 Processor1 Year Manufacturer Warranty for Device and 6 Months Manufacturer Warranty for Inbox Accessories,Android mobile,34999,2.5,223.0,Mid-range
realme C63 ,4 GB RAM | 64 GB ROM | Expandable Upto 2 TB17.13 cm (6.745 inch) HD+ Display50MP Rear Camera | 8MP Front Camera5000 mAh BatteryT612 Processor1 Year Manufacturer Warranty for Device and 6 Months Manufacturer Warranty for Inbox Accessories,Android mobile,8499,3.5,179.0,Economic
realme 13 Pro+ 5G ,8 GB RAM | 256 GB ROM17.02 cm (6.7 inch) Full HD+ Display50MP + 8MP + 50MP | 32MP Front Camera5200 mAh BatterySnapdragon 7s Gen2 Processor1 Year Manufacturer Warranty for Device and 6 Months Manufacturer Warranty for Inbox Accessories,Android mobile,30999,4.8,364.0,Mid-range
realme P1 Pro 5G ,12 GB RAM | 256 GB ROM17.02 cm (6.7 inch) Full HD+ Display50MP + 8MP | 16MP Front Camera5000 mAh Battery6 Gen 1 Processor1 Year Manufacturer Warranty for Device and 6 Months Manufacturer Warranty for Inbox Accessories,Android mobile,20999,3.9,125.0,Mid-range
realme 12 Pro+ 5G ,8 GB RAM | 256 GB ROM17.02 cm (6.7 inch) Full HD+ Display50MP + 8MP + 64MP | 32MP Front Camera5000 mAh BatterySnapdragon 7s Gen 2 Processor1 Year Manufacturer Warranty for Device and 6 Months Manufacturer Warranty for Inbox Accessories,Android mobile,31999,3.0,2656.0,Mid-range
realme C53 ,6 GB RAM | 128 GB ROM | Expandable Upto 2 TB17.12 cm (6.74 inch) HD Display108MP + 2MP | 8MP Front Camera5000 mAh BatteryT612 Processor1 Year Manufacturer Warranty for Phone and 6 Months Warranty for In the Box Accessories,Android mobile,8399,4.0,5928.0,Economic
REDMI 13 5G ,6 GB RAM | 128 GB ROM17.25 cm (6.79 inch) Full HD+ Display108MP Rear Camera5030 mAh BatteryQualcomm SM4450 Snapdragon 4 Gen 2 AE (4 nm) Processor1 year manufacture warranty,Android mobile,12888,1.6,269.0,Economic
Motorola Edge 50 Fusion ,8 GB RAM | 128 GB ROM17.02 cm (6.7 inch) Full HD+ Display50MP + 13MP | 32MP Front Camera5000 mAh Battery7s Gen 2 Processor1 Year on Handset and 6 Months on Accessories,Android mobile,21999,1.8,3879.0,Mid-range
POCO X6 5G ,8 GB RAM | 256 GB ROM16.94 cm (6.67 inch) Display64MP + 8MP + 2MP | 16MP Front Camera5100 mAh Battery7s Gen 2 Mobile Platform 5G Processor1 Year Manufacturer Warranty for Phone and 6 Months Warranty for In the Box Accessories,Android mobile,16999,2.0,2100.0,Economic
realme Narzo N63 4G ,4 GB RAM | 128 GB ROM17.12 cm (6.74 inch) Display50MP Rear Camera5000 mAh BatteryDomestic Warranty  1 year for handset and 6 months for accessories.,Android mobile,8835,2.0,53.0,Economic
SAMSUNG Galaxy A23 5G ,6 GB RAM | 128 GB ROM | Expandable Upto 1 TB16.76 cm (6.6 inch) Full HD+ Display50MP + 5MP | 8MP Front Camera5000 mAh Lithium Ion BatteryQualcomm Snapdragon 695 (SM6375) Processor1 Year Manufacturer Warranty for Device and 6 Months Manufacturer Warranty for In-Box Accessories,Android mobile,15399,3.0,177.0,Economic
REDMI Note 13 Pro 5G ,8 GB RAM | 128 GB ROM16.94 cm (6.67 inch) Display200MP (OIS) + 8MP + 2MP | 16MP Front Camera5100 mAh Battery7s Gen 2 Mobile Platform 5G Processor1 Year Manufacturer Warranty for Phone and 6 Months Warranty for In the Box Accessories,Android mobile,22999,4.8,1791.0,Mid-range
vivo V40e 5G ,8 GB RAM | 256 GB ROM17.2 cm (6.77 inch) Display50MP + 8MP | 50MP Front Camera5500 mAh BatteryDimensity 7300 Processor1 Year Warranty on Handset and 6 Months Warranty on Accessories,Android mobile,30999,1.6,34.0,Mid-range
realme C65 5G ,4 GB RAM | 128 GB ROM | Expandable Upto 2 TB16.94 cm (6.67 inch) HD+ Display50MP Rear Camera | 8MP Front Camera5000 mAh BatteryDimensity 6300 Processor1 Year Manufacturer Warranty for Device and 6 Months Manufacturer Warranty for Inbox Accessories,Android mobile,10748,2.7,141.0,Economic
OnePlus Nord CE4 ,8 GB RAM | 128 GB ROM17.02 cm (6.7 inch) Display50MP Rear Camera5500 mAh BatteryOxygenOS 14.0 ProcessorDomestic Warranty 1 Year For Handset And 6 month For Accessories.,Android mobile,22355,3.1,819.0,Mid-range
realme 70 TURBO 5G ,6 GB RAM | 128 GB ROM16.94 cm (6.67 inch) Full HD+ Display50MP Rear Camera5000 mAh BatterySegment's Fastest Dimensity 7300 Energy 5G Chipset Processor12 Months Brand warranty,Android mobile,16477,3.5,4.0,Economic
REDMI Note 13 5G ,12 GB RAM | 256 GB ROM16.94 cm (6.67 inch) Display108MP Rear Camera5000 mAh Battery1 Year Brand Warranty,Android mobile,17962,2.7,226.0,Economic
SAMSUNG Galaxy M35 5G ,8 GB RAM | 128 GB ROM16.76 cm (6.6 inch) Display50MP Rear Camera6000 mAh Battery1 YEAR,Android mobile,18395,1.8,7.0,Economic
Google Pixel 9 Pro XL ,16 GB RAM | 256 GB ROM17.27 cm (6.8 inch) Display50MP + 48MP + 48MP | 42MP Front Camera5060 mAh BatteryGoogle Tensor G4 Processor1 Year Domestic Warranty,Android mobile,124999,3.8,27.0,Premium
REDMI 12 ,6 GB RAM | 128 GB ROM | Expandable Upto 1 TB17.25 cm (6.79 inch) Full HD+ Display50MP + 8MP + 2MP | 8MP Front Camera5000 mAh BatteryHelio G88 Processor1 Year Manufacturer Warranty for Phone and 6 Months Warranty for in the Box Accessories,Android mobile,7999,2.4,3758.0,Economic
Motorola G85 5G ,12 GB RAM | 256 GB ROM16.94 cm (6.67 inch) Full HD+ Display50MP + 8MP | 32MP Front Camera5000 mAh Battery6s Gen 3 Processor1 Year on Handset and 6 Months on Accessories,Android mobile,18999,4.7,1153.0,Economic
SAMSUNG Galaxy A23 5G ,8 GB RAM | 128 GB ROM | Expandable Upto 1 TB16.76 cm (6.6 inch) Full HD+ Display50MP + 5MP | 8MP Front Camera5000 mAh Lithium Ion BatteryQualcomm Snapdragon 695 (SM6375) Processor1 Year Manufacturer Warranty for Device and 6 Months Manufacturer Warranty for In-Box Accessories,Android mobile,16799,1.8,64.0,Economic
Tecno Spark Go 2024 ,4 GB RAM | 64 GB ROM | Expandable Upto 1 TB16.66 cm (6.56 inch) HD+ Display13MP + 0.08MP | 8MP Front Camera5000 mAh BatteryUnisoc T606 ProcessorDomestic Warranty of 12 Months on Phone & 6 Months on Accessories,Android mobile,7199,2.7,48.0,Economic
vivo V40 5G ,8 GB RAM | 256 GB ROM17.22 cm (6.78 inch) Full HD+ Display50MP + 50MP | 50MP Front Camera5500 mAh BatterySnapdragon 7 Gen 3 Processor1 Year Warranty on Handset and 6 Months Warranty on Accessories,Android mobile,36999,3.7,410.0,Mid-range
REDMI A3 ,6 GB RAM | 128 GB ROM | Expandable Upto 1 TB17.04 cm (6.71 inch) HD+ Display8MP Rear Camera | 5MP Front Camera5000 mAh BatteryMediatek Helio G36 Processor1 Year Manufacturer Warranty for Phone and 6 Months Warranty for In the Box Accessories,Android mobile,7785,2.3,54.0,Economic
Infinix Hot 12 Pro ,6 GB RAM | 64 GB ROM | Expandable Upto 256 GB16.76 cm (6.6 inch) HD+ Display50 MP + Depth Lens | 8MP Front Camera5000 mAh Lithium-ion Polymer BatteryUnisoc T616 Processor1 Year on Handset and 6 Months on Accessories,Android mobile,7149,4.2,711.0,Economic
realme 13+ 5G ,8 GB RAM | 128 GB ROM | Expandable Upto 2 TB16.94 cm (6.67 inch) Full HD+ Display50MP + 2MP | 16MP Front Camera5000 mAh BatteryDimensity 7300 Energy Processor1 Year Manufacturer Warranty for Device and 6 Months Manufacturer Warranty for Inbox Accessories,Android mobile,22999,3.4,25.0,Mid-range
vivo V30 Pro 5G ,12 GB RAM | 512 GB ROM17.22 cm (6.78 inch) Full HD+ Display50MP + 50MP + 50MP | 50MP Front Camera5000 mAh BatteryDimensity 8200 5G Processor1 Year Manufacturer Warranty for Device and 6 Months Manufacturer Warranty for Inbox Accessories,Android mobile,43999,1.0,213.0,Mid-range
Xiaomi 11T Pro 5G Hyperphone ,8 GB RAM | 256 GB ROM16.94 cm (6.67 inch) Display108MP Rear Camera5000 mAh Battery12 months,Android mobile,22599,3.5,88.0,Mid-range
realme C55 ,8 GB RAM | 128 GB ROM | Expandable Upto 1 TB17.07 cm (6.72 inch) Full HD+ Display64MP + 2MP | 8MP Front Camera5000 mAh BatteryHelio G88 Processor1 Year Manufacturer Warranty for Phone and 6 Months Warranty for In the Box Accessories,Android mobile,9799,2.8,1797.0,Economic
Infinix Zero 40 5G ,12 GB RAM | 256 GB ROM17.22 cm (6.78 inch) Full HD+ Display108MP + 50MP + 2MP | 50MP Front Camera5000 mAh Lithium-ion Polymer BatteryDimensity 8200 Ultimate Processor1 Year Warranty on Handset and 6 Months Warranty on Accessories,Android mobile,27999,2.7,39.0,Mid-range
Nokia C32 ,6 GB RAM | 128 GB ROM16.55 cm (6.517 inch) Display50MP Rear Camera5000 mAh Battery1 Year Replacement Guarantee for Device and 6 Months Manufacturer Warranty for In-Box Accessories Including Battery from the Date of Purchase,Android mobile,7998,1.9,28.0,Economic
OnePlus Nord 4 5G ,8 GB RAM | 256 GB ROM17.12 cm (6.74 inch) Display50MP Rear Camera5500 mAh Battery1 Year,Android mobile,30840,1.4,9.0,Mid-range
OnePlus Nord 4 5G ,8 GB RAM | 128 GB ROM17.12 cm (6.74 inch) Display50MP Rear Camera5500 mAh Battery1 Year,Android mobile,29989,4.8,9.0,Mid-range
Infinix Note 12 ,4 GB RAM | 64 GB ROM | Expandable Upto 512 GB17.02 cm (6.7 inch) Full HD+ AMOLED Display50MP + 2MP Depth + AI Lens | 16MP Front Camera5000 mAh Li-ion Polymer BatteryMediaTek Helio G88 Processor1 Year on Handset and 6 Months on Accessories,Android mobile,7799,2.9,2732.0,Economic
realme 12 5G ,6 GB RAM | 128 GB ROM | Expandable Upto 2 TB17.07 cm (6.72 inch) Full HD+ Display108MP + 2MP | 8MP Front Camera5000 mAh BatteryDimensity 6100+ Processor1 Year Manufacturer Warranty for Device and 6 Months Manufacturer Warranty for Inbox Accessories,Android mobile,16999,1.9,500.0,Economic
SAMSUNG Galaxy F55 5G ,12 GB RAM | 256 GB ROM | Expandable Upto 1 TB17.02 cm (6.7 inch) Full HD+ Display50MP + 8MP + 2MP | 50MP Front Camera5000 mAh Battery7 Gen 1 Processor1 Year Manufacturer Warranty for Device and 6 Months for In-Box Accessories,Android mobile,26999,4.8,23.0,Mid-range
Google Pixel 8 Pro ,12 GB RAM | 128 GB ROM17.02 cm (6.7 inch) Full HD+ AMOLED Display50MP + 48MP + 48MP | 10.5MP Front Camera5050 mAh BatteryTensor G3 Processor1 Year Domestic Warranty,Android mobile,86999,3.5,115.0,Premium
LAVA Blaze 2 5G with Dual Sim|50MP Rear Camera|5000 mAh Battery|Expandable Upto 1 TB ,6 GB RAM | 128 GB ROM16.66 cm (6.56 inch) Full HD+ Display50MP Rear Camera5000 mAh Battery1 Year Handset Warranty and 6 Months Warranty on Accessories,Android mobile,9999,2.6,66.0,Economic
REDMI A3X ,3 GB RAM | 64 GB ROM | Expandable Upto 1 TB17.04 cm (6.71 inch) HD+ Display8MP Rear Camera | 5MP Front Camera5000 mAh Battery1 Year Manufacturer Warranty for Phone and 6 Months Warranty for In the Box Accessories,Android mobile,6999,1.3,27.0,Economic
IQOO Z9 5G ,8 GB RAM | 128 GB ROM16.94 cm (6.67 inch) Display50MP Rear Camera5000 mAh Battery1 Year,Android mobile,19699,2.9,162.0,Economic
POCO X6 Pro 5G ,12 GB RAM | 512 GB ROM16.94 cm (6.67 inch) Display64MP + 8MP + 2MP | 16MP Front Camera5000 mAh BatteryDimensity D8300 Ultra Processor1 Year Manufacturer Warranty for Phone and 6 Months Warranty for In the Box Accessories,Android mobile,23999,1.2,1420.0,Mid-range
OnePlus 12 ,16 GB RAM | 512 GB ROM17.32 cm (6.82 inch) Display64MP Rear Camera5400 mAh Battery1 Year Brand Warranty,Android mobile,63932,4.6,101.0,Premium
IQOO Z7 Pro 5G ,8 GB RAM | 256 GB ROM17.22 cm (6.78 inch) Display64MP + 2MP | 16MP Front Camera4600 mAh BatteryDimensity 7200 5G Mobile Platform Processor1 Year Manufacturer Warranty for Device and 6 Months Manufacturer Warranty for Inbox Accessories,Android mobile,27999,3.3,482.0,Mid-range
Tecno Pova 6 Pro 5G ,8 GB RAM | 256 GB ROM | Expandable Upto 2 TB17.22 cm (6.78 inch) Full HD Display108MP Rear Camera | 32MP Front Camera6000 mAh BatteryMediatek Dimensity 6080 Processor1 year,Android mobile,19999,1.0,21.0,Economic
Google Pixel 7 ,8 GB RAM | 128 GB ROM16.0 cm (6.3 inch) Full HD+ Display50MP + 12MP | 10.8MP Front Camera4270 mAh BatteryGoogle Tensor G2 Processor1 Year Domestic Warranty,Android mobile,36999,4.0,1894.0,Mid-range
SAMSUNG Galaxy M34 5G without charger ,6 GB RAM | 128 GB ROM16.51 cm (6.5 inch) Display50MP Rear Camera6000 mAh BatteryDomestic 1 Year of Device & 6 Months for In-Box Accessories,Android mobile,15999,3.0,319.0,Economic
REDMI A3X ,3 GB RAM | 64 GB ROM | Expandable Upto 1 TB17.04 cm (6.71 inch) HD+ Display8MP Rear Camera | 5MP Front Camera5000 mAh Battery1 Year Manufacturer Warranty for Phone and 6 Months Warranty for In the Box Accessories,Android mobile,6999,2.8,27.0,Economic
vivo Y75 ,8 GB RAM | 128 GB ROM | Expandable Upto 1 TB16.36 cm (6.44 inch) Full HD+ AMOLED Display50MP + 8MP + 2MP | 44MP Front Camera4050 mAh Lithium BatteryMediatek G96 Processor1 Year on Handset and 6 Months on Accessories,Android mobile,15990,2.0,237.0,Economic
SAMSUNG Galaxy M34 5G without charger ,6 GB RAM | 128 GB ROM16.51 cm (6.5 inch) Display50MP Rear Camera6000 mAh BatteryDomestic 1 Year of Device & 6 Months for In-Box Accessories,Android mobile,24499,2.7,319.0,Mid-range
REDMI 12C ,4 GB RAM | 64 GB ROM | Expandable Upto 1 TB17.04 cm (6.71 inch) HD+ Display50MP Rear Camera | 5MP Front Camera5000 mAh BatteryHelio G85 Processor1 Year Manufacturer Warranty for Phone and 6 Months Warranty for In the Box Accessories,Android mobile,8299,4.6,1448.0,Economic
REDMI Note 13 Pro+ 5G ,12 GB RAM | 256 GB ROM16.94 cm (6.67 inch) Display200MP (OIS) + 8MP + 2MP | 16MP Front Camera5000 mAh BatteryDimensity 7200 Ultra 5G Processor1 Year Manufacturer Warranty for Phone and 6 Months Warranty for In the Box Accessories,Android mobile,26177,3.2,695.0,Mid-range
REDMI A3 ,6 GB RAM | 128 GB ROM | Expandable Upto 1 TB17.04 cm (6.71 inch) HD+ Display8MP Rear Camera | 5MP Front Camera5000 mAh BatteryMediatek Helio G36 Processor1 Year Manufacturer Warranty for Phone and 6 Months Warranty for In the Box Accessories,Android mobile,8350,4.7,54.0,Economic
vivo Y200 5G ,8 GB RAM | 128 GB ROM16.94 cm (6.67 inch) Full HD+ Display64MP + 2MP | 16MP Front Camera4800 mAh Battery4 Gen 1 Processor1 Year Manufacturer Warranty for Device and 6 Months Manufacturer Warranty for Inbox Accessories,Android mobile,23999,4.1,204.0,Mid-range
OPPO A3 5G ,6 GB RAM | 128 GB ROM | Expandable Upto 2 TB16.94 cm (6.67 inch) HD+ Display50MP Rear Camera | 5MP Front Camera5100 mAh BatteryDimensity 6300 Processor1 Year Manufacturer Warranty for Device and 6 Months Manufacturer Warranty for Inbox Accessories,Android mobile,15999,3.0,9.0,Economic
IQOO Neo9 Pro ,12 GB RAM | 256 GB ROM17.22 cm (6.78 inch) Display50MP Rear Camera5160 mAh Battery1 Year,Android mobile,40999,2.4,30.0,Mid-range
Tecno Camon 30 5G ,12 GB RAM | 512 GB ROM | Expandable Upto 1 TB17.22 cm (6.78 inch) Full HD+ Display50MP + 2MP | 50MP Front Camera5000 mAh BatteryMediatek Helio G99 Ultimate Processor1 year manufacturer Warranty,Android mobile,26999,3.7,4.0,Mid-range
Motorola g64 5G ,8 GB RAM | 128 GB ROM | Expandable Upto 1 TB16.51 cm (6.5 inch) Full HD+ Display50MP (OIS) + 8MP | 16MP Front Camera6000 mAh BatteryDimensity 7025 Processor1 Year on Handset and 6 Months on Accessories,Android mobile,14999,1.9,2051.0,Economic
realme 10 Pro+ 5G ,6 GB RAM | 128 GB ROM17.02 cm (6.7 inch) Full HD+ Display108MP + 8MP + 2MP | 16MP Front Camera5000 mAh BatteryMediatek Dimensity 1080 5G Processor1 Year Manufacturer Warranty for Phone and 6 Months Warranty for In-Box Accessories,Android mobile,24999,3.1,2935.0,Mid-range
OPPO A79 5G ,"8 GB RAM | 128 GB ROM | Expandable Upto 1 TB17.07 cm (6.72 inch) Full HD+ DisplayRear Camera: 50MP AI Camera, 2MP Portrait Camera Front Camera: 8MP Selfie Camera | 8MP Front Camera5000 mAh Lithium Polymer BatteryMediatek Dimensity 6020 ProcessorBefore going on the market, the product has gone through 6 tests, namely drop, anti-splash, radiation, weather, slight drop, and signal tests, and 5 safety protection steps, namely durability, fire and flame retardant, temperature protection, noise safety, and battery protection. 50-plus production-related checks, 130-plus ultra-stringent reliability tests, and 320-plus comprehensive testing processes, just to provide OPPO enduring craftsmanship and quality.
[1-Meter Directional Drop Test]
[150-Circle Tumbling Test]
[14,000 Micro-Drop Test]
[Water-Spray Test]
[1,000 25Kg Soft Pressure Tests]
[Stress Bending Test]
[500,000 On Button Press Tests]
[20,000 USB Plug/Unplug Tests]
[65Â°C 95%RH 168H High Temperature and High Humidity Test]
[100,000-Plus Rigorous Quality Tests]
* The data here refers to laboratory test data only and is not intended for quality assurance in daily use. The actual situation will be slightly different due to different test software versions, test environments, and versions.12 Months on Handset and 6 Months on Adapter & Cable",Android mobile,12299,4.9,138.0,Economic
SAMSUNG Galaxy S23 5G ,8 GB RAM | 256 GB ROM15.49 cm (6.1 inch) Full HD+ Display50MP + 10MP + 12MP | 12MP Front Camera3900 mAh Lithium Ion BatteryQualcomm Snapdragon 8 Gen 2 Processor1 Year Manufacturer Warranty for Device and 6 Months Manufacturer Warranty for In-Box Accessories,Android mobile,44999,4.6,2674.0,Mid-range
Apple iPhone 16 ,"256 GB ROM15.49 cm (6.1 inch) Super Retina XDR Display48MP + 12MP | 12MP Front CameraA18 Chip, 6 Core Processor Processor1 Year Warranty for Phone and 6 Months Warranty for In-Box Accessories",iPhone,89900,1.3,29.0,Premium
Apple iPhone 16 ,"256 GB ROM15.49 cm (6.1 inch) Super Retina XDR Display48MP + 12MP | 12MP Front CameraA18 Chip, 6 Core Processor Processor1 Year Warranty for Phone and 6 Months Warranty for In-Box Accessories",iPhone,89900,2.5,29.0,Premium
Apple iPhone 15 Plus ,"512 GB ROM17.02 cm (6.7 inch) Super Retina XDR Display48MP + 12MP | 12MP Front CameraA16 Bionic Chip, 6 Core Processor Processor1 Year Warranty for Phone and 6 Months Warranty for In-Box Accessories",iPhone,95999,1.7,1307.0,Premium
Apple iPhone 15 Pro Max ,"512 GB ROM17.02 cm (6.7 inch) Super Retina XDR Display48MP + 12MP + 12MP | 12MP Front CameraA17 Pro Chip, 6 Core Processor Processor1 Year Warranty for Phone and 6 Months Warranty for In-Box Accessories",iPhone,132999,1.2,111.0,Premium
Apple iPhone 16 Pro Max ,"1 TB ROM17.53 cm (6.9 inch) Super Retina XDR Display48MP + 48MP + 12MP | 12MP Front CameraA18 Pro Chip, 6 Core Processor Processor1 Year Warranty for Phone and 6 Months Warranty for In-Box Accessories",iPhone,184900,4.0,6.0,Premium
Apple iPhone 11 ,64 GB ROM15.49 cm (6.1 inch) Liquid Retina HD Display12MP + 12MP | 12MP Front CameraA13 Bionic Chip ProcessorBrand Warranty of 1 Year,iPhone,19999,2.3,11431.0,Mid-range
Apple iPhone 14 Pro ,"128 GB ROM15.49 cm (6.1 inch) Super Retina XDR Display48MP + 12MP + 12MP | 12MP Front CameraA16 Bionic Chip, 6 Core Processor Processor1 Year Warranty for Phone and 6 Months Warranty for In-Box Accessories",iPhone,119900,2.7,153.0,Premium
Apple iPhone 15 Plus ,"512 GB ROM17.02 cm (6.7 inch) Super Retina XDR Display48MP + 12MP | 12MP Front CameraA16 Bionic Chip, 6 Core Processor Processor1 Year Warranty for Phone and 6 Months Warranty for In-Box Accessories",iPhone,95999,2.9,1307.0,Premium
Apple iPhone X ,"64 GB ROM14.73 cm (5.8 inch) Super Retina HD Display12MP + 12MP | 7MP Front CameraA11 Bionic Chip with 64-bit Architecture, Neural Engine, Embedded M11 Motion Coprocessor ProcessoriOS 13 CompatibleBrand Warranty of 1 Year",iPhone,91900,2.3,862.0,Premium
Apple iPhone SE ,"64 GB ROM11.94 cm (4.7 inch) Retina HD Display12MP Rear Camera | 7MP Front CameraA13 Bionic Chip with 3rd Gen Neural Engine ProcessorWater and Dust Resistant (1 meter for Upto 30 minutes, IP67)Fast Charge CapableWireless charging (Works with Qi Chargers | Qi Chargers are Sold SeparatelyBrand Warranty of 1 Year",iPhone,39900,4.6,12015.0,Mid-range
Apple iPhone 14 ,"256 GB ROM15.49 cm (6.1 inch) Super Retina XDR Display12MP + 12MP | 12MP Front CameraA15 Bionic Chip, 6 Core Processor Processor1 Year Warranty for Phone and 6 Months Warranty for In-Box Accessories",iPhone,60999,3.8,11648.0,Premium
Apple iPhone 14 Pro ,"1 TB ROM15.49 cm (6.1 inch) Super Retina XDR Display48MP + 12MP + 12MP | 12MP Front CameraA16 Bionic Chip, 6 Core Processor Processor1 Year Warranty for Phone and 6 Months Warranty for In-Box Accessories",iPhone,169900,1.6,153.0,Premium
Apple iPhone 13 Pro Max ,1 TB ROM17.02 cm (6.7 inch) Super Retina XDR Display12MP + 12MP + 12MP | 12MP Front CameraA15 Bionic Chip ProcessorBrand Warranty for 1 Year,iPhone,179900,1.1,195.0,Premium
Apple iPhone SE 3rd Gen ,"128 GB ROM11.94 cm (4.7 inch) Retina HD Display12MP Rear Camera | 7MP Front CameraA15 Bionic Chip, 6 Core Processor ProcessorBrand Warranty of 1 Year",iPhone,52600,1.7,138.0,Mid-range
Apple iPhone 14 Pro Max ,"1 TB ROM17.02 cm (6.7 inch) Super Retina XDR Display48MP + 12MP + 12MP | 12MP Front CameraA16 Bionic Chip, 6 Core Processor Processor1 Year Warranty for Phone and 6 Months Warranty for In-Box Accessories",iPhone,184900,4.3,170.0,Premium
Apple iPhone 15 Pro ,"1 TB ROM15.49 cm (6.1 inch) Super Retina XDR Display48MP + 12MP + 12MP | 12MP Front CameraA17 Pro Chip, 6 Core Processor Processor1 Year Warranty for Phone and 6 Months Warranty for In-Box Accessories",iPhone,130999,2.6,109.0,Premium
Apple iPhone SE ,"128 GB ROM11.94 cm (4.7 inch) Retina HD Display12MP Rear Camera | 7MP Front CameraA13 Bionic Chip with 3rd Gen Neural Engine ProcessorWater and Dust Resistant (1 meter for Upto 30 minutes, IP67)Fast Charge CapableWireless charging (Works with Qi Chargers | Qi Chargers are Sold SeparatelyBrand Warranty of 1 Year",iPhone,44900,3.9,12015.0,Mid-range
Apple iPhone 13 ,256 GB ROM15.49 cm (6.1 inch) Super Retina XDR Display12MP + 12MP | 12MP Front CameraA15 Bionic Chip ProcessorBrand Warranty for 1 Year,iPhone,59900,2.9,13737.0,Premium
Apple iPhone 11 Pro ,512 GB ROM14.73 cm (5.8 inch) Super Retina XDR Display12MP + 12MP + 12MP | 12MP Front CameraA13 Bionic Chip ProcessorBrand Warranty for 1 Year,iPhone,140300,4.2,623.0,Premium
Apple iPhone 11 Pro ,256 GB ROM14.73 cm (5.8 inch) Super Retina XDR Display12MP + 12MP + 12MP | 12MP Front CameraA13 Bionic Chip ProcessorBrand Warranty for 1 Year,iPhone,121300,2.2,623.0,Premium
Apple iPhone 12 ,"128 GB ROM15.49 cm (6.1 inch) Super Retina XDR Display12MP + 12MP | 12MP Front CameraA14 Bionic Chip with Next Generation Neural Engine ProcessorCeramic ShieldIndustry-leading IP68 Water ResistanceAll Screen OLED Display12MP TrueDepth Front Camera with Night Mode, 4K Dolby Vision HDR RecordingBrand Warranty for 1 Year",iPhone,54900,1.6,13924.0,Premium
Apple iPhone 13 Pro Max ,128 GB ROM17.02 cm (6.7 inch) Super Retina XDR Display12MP + 12MP + 12MP | 12MP Front CameraA15 Bionic Chip ProcessorBrand Warranty for 1 Year,iPhone,129900,3.0,195.0,Premium
Apple iPhone 15 ,"256 GB ROM15.49 cm (6.1 inch) Super Retina XDR Display48MP + 12MP | 12MP Front CameraA16 Bionic Chip, 6 Core Processor Processor1 Year Warranty for Phone and 6 Months Warranty for In-Box Accessories",iPhone,67999,4.9,5245.0,Premium
Apple iPhone 8 Plus ,"64 GB ROM13.97 cm (5.5 inch) Retina HD Display12MP + 12MP | 7MP Front CameraA11 Bionic Chip with 64-bit Architecture, Neural Engine, Embedded M11 Motion Coprocessor ProcessorBrand Warranty of 1 Year",iPhone,49900,2.8,23.0,Mid-range
Apple iPhone 7 ,128 GB ROM11.94 cm (4.7 inch) Retina HD Display12MP Rear Camera | 7MP Front CameraApple A10 Fusion 64-bit processor and Embedded M10 Motion Co-processorBrand Warranty of 1 Year,iPhone,34900,3.0,9140.0,Mid-range
Apple iPhone 13 Pro ,512 GB ROM15.49 cm (6.1 inch) Super Retina XDR Display12MP + 12MP + 12MP | 12MP Front CameraA15 Bionic Chip ProcessorBrand Warranty for 1 Year,iPhone,149900,4.2,127.0,Premium
Apple iPhone 12 Pro ,"256 GB ROM15.49 cm (6.1 inch) Super Retina XDR Display12MP + 12MP + 12MP | 12MP Front CameraA14 Bionic Chip with Next Generation Neural Engine ProcessorCeramic Shield | Industry-leading IP68 Water ResistanceAll Screen OLED DisplayLiDAR Scanner for Improved AR Experiences, Night Mode PortraitsBrand Warranty for 1 Year",iPhone,119900,3.0,99.0,Premium
Apple iPhone 15 Pro ,"512 GB ROM15.49 cm (6.1 inch) Super Retina XDR Display48MP + 12MP + 12MP | 12MP Front CameraA17 Pro Chip, 6 Core Processor Processor1 Year Warranty for Phone and 6 Months Warranty for In-Box Accessories",iPhone,122999,2.6,109.0,Premium
Apple iPhone 14 Plus ,"256 GB ROM17.02 cm (6.7 inch) Super Retina XDR Display12MP + 12MP | 12MP Front CameraA15 Bionic Chip, 6 Core Processor Processor1 Year Warranty for Phone and 6 Months Warranty for In-Box Accessories",iPhone,70999,3.8,4658.0,Premium
Apple iPhone 13 mini ,128 GB ROM13.72 cm (5.4 inch) Super Retina XDR Display12MP + 12MP | 12MP Front CameraA15 Bionic Chip ProcessorBrand Warranty for 1 Year,iPhone,64900,2.2,328.0,Premium
Apple iPhone 7 ,128 GB ROM11.94 cm (4.7 inch) Retina HD Display12MP Rear Camera | 7MP Front CameraApple A10 Fusion 64-bit processor and Embedded M10 Motion Co-processorBrand Warranty of 1 Year,iPhone,34900,4.3,9140.0,Mid-range
Apple iPhone 11 Pro ,64 GB ROM14.73 cm (5.8 inch) Super Retina XDR Display12MP + 12MP + 12MP | 12MP Front CameraA13 Bionic Chip ProcessorBrand Warranty for 1 Year,iPhone,106600,3.4,623.0,Premium
Apple iPhone 15 Plus ,"128 GB ROM17.02 cm (6.7 inch) Super Retina XDR Display48MP + 12MP | 12MP Front CameraA16 Bionic Chip, 6 Core Processor Processor1 Year Warranty for Phone and 6 Months Warranty for In-Box Accessories",iPhone,65999,2.7,1307.0,Premium
Apple iPhone 16 Pro Max ,"256 GB ROM17.53 cm (6.9 inch) Super Retina XDR Display48MP + 48MP + 12MP | 12MP Front CameraA18 Pro Chip, 6 Core Processor Processor1 Year Warranty for Phone and 6 Months Warranty for In-Box Accessories",iPhone,144900,1.6,6.0,Premium
Apple iPhone 15 ,"512 GB ROM15.49 cm (6.1 inch) Super Retina XDR Display48MP + 12MP | 12MP Front CameraA16 Bionic Chip, 6 Core Processor Processor1 Year Warranty for Phone and 6 Months Warranty for In-Box Accessories",iPhone,87999,2.9,5245.0,Premium
Apple iPhone 13 ,512 GB ROM15.49 cm (6.1 inch) Super Retina XDR Display12MP + 12MP | 12MP Front CameraA15 Bionic Chip ProcessorBrand Warranty for 1 Year,iPhone,79900,3.4,13737.0,Premium
Apple iPhone 8 ,"256 GB ROM11.94 cm (4.7 inch) Retina HD Display12MP Rear Camera | 7MP Front CameraA11 Bionic Chip with 64-bit Architecture, Neural Engine, Embedded M11 Motion Coprocessor ProcessorBrand Warranty of 1 Year",iPhone,77000,2.9,801.0,Premium
Apple iPhone 15 Plus ,"128 GB ROM17.02 cm (6.7 inch) Super Retina XDR Display48MP + 12MP | 12MP Front CameraA16 Bionic Chip, 6 Core Processor Processor1 Year Warranty for Phone and 6 Months Warranty for In-Box Accessories",iPhone,65999,3.4,1307.0,Premium
SAMSUNG 183 L Direct Cool Single Door 4 Star Refrigerator  with Digital Inverter,"Digital Inverter CompressorBuilt-in Stabilizer1 year comprehensive warranty on the product, 20 years on compressor by the brand.",Fridge,15890,3.8,592.0,Economic
Voltas Beko by A Tata Product 472 L Frost Free Side by Side Refrigerator,Pro Smart Inverter CompressorBuilt-in Stabilizer2 Years Comprehensive Warranty on Product and 12 Years Additional Warranty on Compressor,Fridge,47990,1.2,117.0,Mid-range
"CANDY 328 L Frost Free Double Door 3 Star Refrigerator  with 10 in 1 Convertible Refrigerator , Invert...",Inverter CompressorBuilt-in Stabilizer1 Year Warranty on Product and 10 Years on Compressor,Fridge,26990,2.6,65.0,Mid-range
Haier 190 L Direct Cool Single Door 4 Star Refrigerator with Base Drawer  with Large Storage Space1 Ho...,Normal CompressorBuilt-in Stabilizer1 Year Warrannty on Product and 10 Years Warrannty on Compressor,Fridge,15890,2.6,1120.0,Economic
Whirlpool 235 L Frost Free Triple Door Refrigerator,Reciprocating CompressorBuilt-in Stabilizer1 Year Comprehensive Warranty on Product and  9 Years Warranty on Compressor,Fridge,26290,3.2,4083.0,Mid-range
Voltas Beko by A Tata Product 640 L Frost Free Side by Side Refrigerator,Pro Smart Inverter CompressorBuilt-in Stabilizer2 Years Comprehensive Warranty on Product and 12 Years Warranty on Compressor,Fridge,57990,4.2,117.0,Premium
Whirlpool 184 L Direct Cool Single Door 4 Star Refrigerator,Normal Compressor1 Year Warranty on Product and 9 Years Warranty on Compressor,Fridge,15640,1.9,1051.0,Economic
Haier 190 L Direct Cool Single Door 4 Star Refrigerator  with Toughned Glass ShelfLarge Vegetable Box,Normal CompressorBuilt-in Stabilizer1 Year Warranty on Product and 10 Years Warranty on Compressor,Fridge,14790,4.3,1120.0,Economic
"LG 185 L Direct Cool Single Door 5 Star Refrigerator with Base Drawer  with Smart Inverter Compressor,...",Smart Inverter CompressorBuilt-in Stabilizer1 Year Warranty on Product and 10 Years Warranty on Compressor from LG,Fridge,17290,4.6,1109.0,Economic
Voltas Beko by A Tata Product 183 L Direct Cool Single Door 5 Star Refrigerator with Base Drawer,Reciprocating CompressorBuilt-in Stabilizer1 Year Comprehensive Warranty on Product and 10 Years Compressor Warranty,Fridge,15690,4.4,225.0,Economic
SAMSUNG 256 L Frost Free Double Door 3 Star Refrigerator  with Digital Inverter and Display,Digital Inverter CompressorBuilt-in Stabilizer1 Year Comprehensive Warranty on Product and 20 Years Warranty on Compressor,Fridge,29490,3.4,225.0,Mid-range
Haier 628 L Frost Free Side by Side Convertible Refrigerator  with Smart Connectivity Magic Convertibl...,Inverter CompressorBuilt-in Stabilizer1 Year Warranty on Product and 10 Years Warranty on Compressor and Motor,Fridge,94990,3.3,1.0,Premium
Voltas Beko 208 L Direct Cool Single Door 3 Star Refrigerator with Base Drawer,Reciprocating CompressorBuilt-in Stabilizer1 Year Comprehensive Warranty on Product and 10 Years Warranty on Compressor,Fridge,15690,2.1,132.0,Economic
LG 185 L Direct Cool Single Door 4 Star Refrigerator with Base Drawer  with Smart Inverter Compressor,Smart Inverter CompressorBuilt-in Stabilizer1 Year Warranty on Product and 10 Years Warranty on Compressor from LG,Fridge,15990,3.7,405.0,Economic
Godrej 272 L Frost Free Double Door 2 Star Refrigerator  with Wood Finish and Advanced Inverter Techno...,Inverter CompressorBuilt-in Stabilizer1 Year Warranty on Product and 10 Years Warranty on Compressor from Godrej,Fridge,31490,2.0,47.0,Mid-range
Whirlpool 184 L Direct Cool Single Door 2 Star Refrigerator with Base Drawer,Normal CompressorBuilt-in Stabilizer1 Year on Product and 10 Years on Compressor From Whirlpool,Fridge,13509,2.3,21.0,Economic
Liebherr 191 L Direct Cool Single Door 4 Star Refrigerator,ReciprocatingBuilt-in Stabilizer1 Year Comprehensive Warranty on Product and 20 Years Warranty on Compressor,Fridge,15990,1.8,19.0,Economic
Whirlpool 235 L Frost Free Double Door 2 Star Convertible Refrigerator,"Inverter CompressorBuilt-in Stabilizer1 Year Comprehensive Warranty on the Product, 10 Years Warranty on Compressor",Fridge,20640,5.0,1.0,Mid-range
SAMSUNG 415 L Frost Free Double Door 3 Star Convertible Refrigerator,"Digital Inverter CompressorBuilt-in Stabilizer1 year comprehensive warranty on product, 20 years on compressor, For all Refrigerators with Digital Inverter Compressors, sold on or after 1st Dec 2022 (All Refrigerator apart from Non-Digital Inverter Technology Direct Cool Models) the Warranty period on the Digital Inverter Compressor shall be revised from 10 years to 20 years.",Fridge,47490,3.0,20.0,Mid-range
Whirlpool 215 L Frost Free Triple Door Refrigerator,Normal CompressorBuilt-in Stabilizer1 Year on the Product and 10 Years on the Compressor From Whirlpool,Fridge,24950,1.7,89.0,Mid-range
SAMSUNG 415 L Frost Free Double Door 1 Star Convertible Refrigerator,Digital Inverter CompressorBuilt-in Stabilizer1 Year Comprehensive Warranty on Product and 10 Years Warrranty on Compressor,Fridge,42390,1.2,0.0,Mid-range
Haier 598 L Frost Free Side by Side Convertible Refrigerator  with 83% Convertible Fridge SpaceDigital...,Inverter CompressorBuilt-in Stabilizer1 Year Warranty on Product and 10 Years Warranty on Compressor,Fridge,80980,1.8,0.0,Premium
Voltas Beko by A Tata Product 563 L Frost Free Side by Side Refrigerator,Pro Smart Inverter CompressorBuilt-in Stabilizer2 Years Comprehensive Warranty on Product and 12 Years Warranty on Compressor,Fridge,51990,3.7,117.0,Mid-range
Lloyd by Havells 188 L Direct Cool Single Door 4 Star Refrigerator,Fixed SpeedBuilt-in Stabilizer1 Year on Product and 10 Years Additional on Compressor,Fridge,14990,1.1,488.0,Economic
Godrej 192 L Direct Cool Single Door 3 Star Refrigerator,"Fixed Speed Compressor1 Year Comprehensive Warrantyon Product, 10 Year Warranty on Compressor",Fridge,17499,2.0,4.0,Economic
Whirlpool 205 L Direct Cool Single Door 5 Star Refrigerator  with Auto Defrost,IntelliSense Inverter CompressorBuilt-in Stabilizer1 Year Comprehensive Warranty on Product and 9 Years Additional Warranty on Compressor,Fridge,18350,1.7,170.0,Economic
Liebherr 191 L Direct Cool Single Door 3 Star Refrigerator,ReciprocatingBuilt-in Stabilizer1 Year Comprehensive Warranty on Product and 20 Years Warranty on Compressor,Fridge,15290,2.6,19.0,Economic
SAMSUNG 183 L Direct Cool Single Door 2 Star Refrigerator,Digital Inverter CompressorBuilt-in Stabilizer1 Year Comprehensive Warranty on Product and 20 Years Warranty on Compressor,Fridge,15300,4.7,0.0,Economic
ONIDA 195 L Direct Cool Single Door 2 Star Refrigerator,"ReciprocatingBuilt-in StabilizerWarranty will be provide by Company from date of purchase, Customer Need to Call, Company for any type of servie and warranty.",Fridge,12999,4.6,0.0,Economic
Liebherr 205 L Direct Cool Single Door 3 Star Refrigerator,"ReciprocatingBuilt-in Stabilizer1-year comprehensive warranty (additional 2 years warranty upon registration completed within 15 days of purchase) and 10 Years Warranty on Compressor. Registration can be done via the QR Code on the product or by contacting our customer care team via email.
Offer Period: 13 Oct'2023-31 Dec' 2023",Fridge,16490,2.5,19.0,Economic
Godrej 183 L Direct Cool Single Door 3 Star Refrigerator  with Jumbo Vegetable Tray and Wired Shelves,Fixed speed compressorBuilt-in Stabilizer1 Year Warranty on Product and 10 Years Warranty on Compressor,Fridge,12990,4.6,0.0,Economic
Whirlpool 192 L Direct Cool Single Door 5 Star Refrigerator with Base Drawer,IntelliSense Inverter CompressorBuilt-in Stabilizer1 Year on Product and 10 Years on Compressor from Whirlpool,Fridge,17899,4.2,1.0,Economic
Whirlpool 260 L Frost Free Triple Door Refrigerator,Reciprocating CompressorBuilt-in Stabilizer1 Year Warranty on Product and 10 Years Warranty on Compressor from Whirlpool,Fridge,28490,1.1,4083.0,Mid-range
Liebherr 350 L Frost Free Double Door Top Mount 2 Star Refrigerator,Nextgen 8 Step Inverter CompressorBuilt-in Stabilizer1 Year Warranty on Product  and 10 Years on Compressor,Fridge,47690,4.5,3.0,Mid-range
Whirlpool 192 L Direct Cool Single Door 2 Star Refrigerator,Normal CompressorBuilt-in Stabilizer1 Year Warranty on Product and 10 Years Warranty on Compressor from Whirpool,Fridge,15490,3.2,0.0,Economic
Whirlpool 184 L Direct Cool Single Door 4 Star Refrigerator with Base Drawer,Reciprocatory CompressorBuilt-in Stabilizer1 Year Warranty on Product and 9 Years Warranty on Compressor,Fridge,16590,3.3,435.0,Economic
Haier 190 L Direct Cool Single Door 5 Star Refrigerator with Base Drawer,Inverter Compressor1 Years Manufacturer Warranty on Product and 10 Years Warranty on Compressor,Fridge,19776,2.0,10.0,Economic
Haier 190 L Direct Cool Single Door 3 Star Refrigerator with Base Drawer,NormalBuilt-in Stabilizer1 Year Warranty on Product and 10 Years Warranty on Compressor from Haier,Fridge,16935,2.2,1.0,Economic
Electrolux 529 L Frost Free Double Door Bottom Mount 1 Star Refrigerator  with Inverter Bottom Freezer...,Inverter1 Year Standard Warranty on Product and 9 Years Additional Warranty on Compressor (Refrigerant or Gas is Chargeable),Fridge,67990,3.1,0.0,Premium
Panasonic 305 L Frost Free Double Door 2 Star Refrigerator,Inverter CompressorBuilt-in Stabilizer1 Year Warranty on Product and 10 Years on Compressor,Fridge,28240,1.8,163.0,Mid-range
"Godrej 670 L Frost Free Multi-Door Refrigerator  with Four Door, Triple Zones with Convertible Mode, A...",Inverter CompressorBuilt-in Stabilizer1 Year Comprehensive Warranty on Product and 10 Years Warranty on Compressor,Fridge,86390,3.3,0.0,Premium
Lloyd 260 L Frost Free Double Door 2 Star Refrigerator,Inverter CompressorBuilt-in Stabilizer1 Year Warranty on Product and Additional 9 Years Warranty on Compressor,Fridge,26990,2.6,0.0,Mid-range
"IFB 187 L Direct Cool Single Door 2 Star Refrigerator  with Powered by E-Tech,with Extraordinary Stora...",Reciprocating CompressorBuilt-in Stabilizer1 Year Warranty on Product and 10 Years Warranty on Compressor,Fridge,12990,1.7,22.0,Economic
SAMSUNG 189 L Direct Cool Single Door 3 Star Refrigerator,"Digital Inverter CompressorBuilt-in Stabilizer1 year comprehensive warranty on product, 20 years on compressor, For all Refrigerators with Digital Inverter Compressors, sold on or after 1st Dec 2022 (All Refrigerator apart from Non-Digital Inverter Technology Direct Cool Models) the Warranty period on the Digital Inverter Compressor shall be revised from 10 years to 20 years.",Fridge,18994,2.6,0.0,Economic
TOSHIBA 252 L Frost Free Double Door 2 Star Refrigerator,DC Inverter CompressorBuilt-in Stabilizer1 Year on Product and 10 Years on Compressor from Toshiba,Fridge,24999,4.6,0.0,Mid-range
TOSHIBA 272 L Frost Free Double Door 2 Star Refrigerator,DC Inverter CompressorBuilt-in Stabilizer1 Year on Product and 10 Years on Compressor from Toshiba,Fridge,27999,3.3,0.0,Mid-range
Whirlpool 200 L Direct Cool Single Door 3 Star Refrigerator,NORMAL COMPRESSORBuilt-in Stabilizer1 YEAR,Fridge,18409,3.5,0.0,Economic
BOSCH 263 L Frost Free Double Door Top Mount 4 Star Refrigerator,VarioInverterBuilt-in Stabilizer1 Year on Product,Fridge,37490,2.6,0.0,Mid-range
LG 201 L Direct Cool Single Door 5 Star Refrigerator with Base Drawer,Smart Inverter CompressorBuilt-in Stabilizer1 Year Warranty on Product and 10 Years Warranty on Compressor From LG,Fridge,19890,1.8,58.0,Economic
Haier 190 L Direct Cool Single Door 5 Star Refrigerator,Normal CompressorBuilt-in Stabilizer1 Year Comprehensive Warranty on the Product and 10 Years Warranty on Compressor,Fridge,17490,3.7,0.0,Economic
Kelvinator 190 L Direct Cool Single Door 2 Star Refrigerator,Reciprocating CompressorBuilt-in Stabilizer1 Year Manufacturer Warranty,Fridge,16999,2.0,0.0,Economic
SAMSUNG 700 L Frost Free Side by Side Refrigerator,"Digital Inverter CompressorBuilt-in Stabilizer1 year comprehensive warranty on product, 20 years on compressor, For all Refrigerators with Digital Inverter Compressors, sold on or after 1st Dec 2022 (All Refrigerator apart from Non-Digital Inverter Technology Direct Cool Models) the Warranty period on the Digital Inverter Compressor shall be revised from 10 years to 20 years.",Fridge,81990,3.7,107.0,Premium
Voltas Beko by A Tata Product 640 L Frost Free Side by Side Refrigerator,Pro Smart Inverter CompressorBuilt-in Stabilizer2 Years Comprehensive Warranty on Product and 12 Years Warranty on Compressor,Fridge,59990,1.1,117.0,Premium
"LG 694 L Frost Free Side by Side Refrigerator  with Smart Inverter DoorCooling+, Hygiene Fresh+, Expre...",Smart Inverter Compressor1 Year Warranty on Product and 10 Years Warranty on Compressor (T&C),Fridge,84990,4.2,2.0,Premium
Haier 328 L Frost Free Double Door Top Mount 3 Star Convertible Refrigerator  with Convertible 14-in-1...,Normal CompressorBuilt-in Stabilizer1 Year Warranty on Product and 10 Years Warranty on Compressor and Motor,Fridge,31990,1.9,205.0,Mid-range
SAMSUNG 192 L Direct Cool Single Door 3 Star Refrigerator,"Digital Inverter CompressorBuilt-in Stabilizer1 year comprehensive warranty on product, 20 years on compressor, For all Refrigerators with Digital Inverter Compressors, sold on or after 1st Dec 2022 (All Refrigerator apart from Non-Digital Inverter Technology Direct Cool Models) the Warranty period on the Digital Inverter Compressor shall be revised from 10 years to 20 years.",Fridge,15090,2.6,1113.0,Economic
"LG 224 L Direct Cool Single Door 4 Star Refrigerator  with Smart Inverter Compressor, Humidity Control...",Smart Inverter CompressorBuilt-in Stabilizer1 Year Warranty on Product and 10 Years Warranty on Compressor from LG,Fridge,24750,1.9,1.0,Mid-range
BAJAJ 10 L Storage Water Geyser ,"Storage Geyser10 L10 years warranty on tank, 6 years warranty on element and 4 years warranty on product",geyser,5799,4.5,3308.0,Economic
Crompton 25 L Storage Water Geyser ,"Storage Geyser25 L2 Years Warranty on Product, 3 Years Warranty on Heating Element, 7 Years Warranty on Tank",geyser,9240,3.5,8.0,Economic
AO Smith 10 L Storage Water Geyser ,"Storage Geyser10 L5 Years Warranty on Tank, 2 Years Warranty on Heating Element, 2 Years Product Comprehensive Warranty",geyser,6299,4.4,93.0,Economic
Hindware Smart Appliances 25 L Storage Water Geyser ,Storage Geyser25 L2 years comprehensive warranty,geyser,5199,1.7,1168.0,Economic
ACTIVA 15 L Storage Water Geyser ,"Storage Geyser15 L5 Year Warranty On Inner Tank, 1 Year On Components",geyser,3899,2.0,145.0,Economic
HAVELLS 15 L Storage Water Geyser ,"Storage Geyser15 L7 Years Warranty on Inner Container, 4 Years Warranty on Heating Element, 2 Years Comprehensive Warranty",geyser,11910,2.5,2.0,Economic
Longway 6 L Storage Water Geyser ,Storage Geyser6 L1 Year Limited Domestic Brand Warranty on Product & 5 Years on Inner Tank/Container.,geyser,2599,4.2,5453.0,Economic
Sansui 25 L Storage Water Geyser ,Storage Geyser25 L2 Years Warranty,geyser,5499,2.8,47.0,Economic
V-Guard 15 L Storage Water Geyser ,Storage Geyser15 LCalino 15L comes with a 2-year offsite domestic warranty for manufacturing defects.  The Heating Element has a warranty of 3 years & the Inner Tank has a warranty of 7 years. Please contact V-Guard Customer Care 1800 103 1300(Toll-free) for service-related issues.,geyser,9549,2.5,182.0,Economic
BAJAJ 5 L Instant Water Geyser ,"Instant Geyser5 LPRODUCT :-2YEARS, HEATING ELEMENT:- 3 YEARS, INNER TANK :- 5 YEARS",geyser,4299,3.4,0.0,Economic
BAJAJ 6 L Gas Water Geyser ,Gas Geyser6 LNa,geyser,6299,3.4,354.0,Economic
Stardom 25 L Storage Water Geyser ,Storage Geyser25 L1 year manufacture warranty on geyser and 5 years on inner tank,geyser,3348,2.2,107.0,Economic
Haier 3 L Instant Water Geyser Fast Heating 8 Bar Pressure Glass Lined Tank ,Instant Geyser3 L3 year on Entire Product Components & 5 Year on Tank,geyser,3950,1.7,45.0,Economic
HAVELLS 25 L Storage Water Geyser with Flexi Pipe and Free Installation ,"Storage Geyser25 L7 Years Warranty on Inner Container, 4 Years Warranty on Heating Element, 2 Years Comprehensive Warranty",geyser,9899,1.5,14.0,Economic
Stardom 15 L Storage Water Geyser ,Storage Geyser15 L1 year manufacture warranty on geyser and 5 years on inner tank,geyser,3249,3.2,107.0,Economic
Racold 6 L Gas Water Geyser ,Gas Geyser6 LOnsite service,geyser,6399,1.5,6.0,Economic
HAVELLS 25 L Storage Water Geyser ,"Storage Geyser25 L7 Years Warranty on Inner Container, 4 Years Warranty on Heating Element, 2 Years Comprehensive Warranty",geyser,15199,2.7,8.0,Economic
HAVELLS 25 L Storage Water Geyser with Flexi Pipe and Free Installation ,Storage Geyser25 L7 Year Warranty on Inner Container 4 Year Warranty on Heating Element 2 Year Comprehensive Warranty,geyser,10999,2.6,355.0,Economic
V-Guard 15 L Storage Water Geyser with Free Installation & Flexi Pipes ,"Storage Geyser15 L3 Year on Product, 4 Year on Heating Element, 10 Year on Inner Tank",geyser,11449,1.2,83.0,Economic
V-Guard 15 L Storage Water Geyser ,Storage Geyser15 L,geyser,10990,5.0,64.0,Economic
AO Smith 6 L Storage Water Geyser ,"Storage Geyser6 LComprehensive-2 Years, Tank-5 Years",geyser,9000,3.2,93.0,Economic
Polycab 10 L Storage Water Geyser ,Storage Geyser10 L2 Year Company Warranty,geyser,5499,4.3,0.0,Economic
Yalli sun 1 L Instant Water Geyser ,Instant Geyser1 LOff site warranty,geyser,1790,3.2,0.0,Economic
RENUMAX 1 L Instant Water Geyser ,Instant Geyser1 L1 Year Warranty Heating Element & Thermostat & 6 Month Warranty on Product,geyser,896,3.6,50.0,Economic
Polycab 10 L Storage Water Geyser ,Storage Geyser10 L2 Year Warranty,geyser,5549,4.1,14.0,Economic
BAJAJ 3 L Instant Water Geyser ,Instant Geyser3 L2 years on Product; 3 years on Heating Element; 5 years on Tank,geyser,3900,3.5,39.0,Economic
HAVELLS 15 L Storage Water Geyser ,Storage Geyser15 L7 year warranty on inner container ; 4 year warranty on heating element ; 2 year comprehensive Warranty,geyser,10299,3.6,140.0,Economic
Candes 6 L Storage Water Geyser ,"Storage Geyser6 L5 Years Warranty on Inner Container & 1 Year Warranty on Components including On-Site & Off-Site, Domestic & International Warranty",geyser,2769,4.3,2337.0,Economic
Crompton 25 L Storage Water Geyser ,"Storage Geyser25 LProduct: 2 Years, Element: 2 Years, Tank: 7 Years",geyser,7390,3.6,63.0,Economic
Crompton 3 L Instant Water Geyser ,Instant Geyser3 Lna,geyser,2789,3.7,0.0,Economic
OMEGA'S 10 L Storage Water Geyser ,Storage Geyser10 LProduct Warranty (In Years) - 2 . Tank Warranty (In Years) - 5 . Element Warranty (In Years) - 2,geyser,3999,1.5,1.0,Economic
Flipkart SmartBuy 15 L Storage Water Geyser BEE 4 Star Rated with Free Installation pipes and Kit ,"Storage Geyser15 L5 Years Warranty on Tank, 2 Years Comprehensive Warranty on Product",geyser,3599,4.2,56.0,Economic
Crompton 25 L Storage Water Geyser ,"Storage Geyser25 L7 Years Inner Tank, 2 Years Element, 2 Years Product",geyser,7125,4.9,1.0,Economic
Venus 25 L Storage Water Geyser ,"Storage Geyser25 LGuarantee -7 Years on Inner Tank, 3 Years on Heating Element & 2 Years on Product",geyser,7714,2.2,43.0,Economic
Haier 15 L Storage Water Geyser Shock Proof Voltage Fluctuation Proof ,Storage Geyser15 L4 years on product 7 years on inner tank  buyer how to call customer care raise the complaint technician will come with in 48 hours  18002009999 -18001029999,geyser,8199,2.9,137.0,Economic
BAJAJ 15 L Storage Water Geyser ,Storage Geyser15 L2 Year Manufacturer Warranty,geyser,8499,1.3,37.0,Economic
V-Guard 15 L Storage Water Geyser ,Storage Geyser15 L7 years on tank 3 years on heating element And 2 years all product.,geyser,10200,2.4,2.0,Economic
Capital 1.1 L Instant Water Geyser ,Instant Geyser1.1 L1 Year,geyser,1399,3.6,605.0,Economic
GRINISHA 1 L Instant Water Geyser ,Instant Geyser1 LNA,geyser,1399,4.3,24.0,Economic
USHA 25 L Storage Water Geyser ,"Storage Geyser25 L2 Years on Product, 3 Years on Heating Element and 7 Years on Tank",geyser,8320,1.1,2.0,Economic
AO Smith 3 L Instant Water Geyser ,Instant Geyser3 L5 years tank warranty and 3 years on product.,geyser,3820,1.9,3.0,Economic
Crompton 25 L Storage Water Geyser ,Storage Geyser25 L2 YEARS PRODUCT WARRANTY AND 5 YEARS INNER TANK WARRANTY,geyser,7340,1.3,56.0,Economic
Jaquar 15 L Storage Water Geyser ,"Storage Geyser15 L7 Years on Tank,4 Years on Heating Element and 2 Years on Other Parts",geyser,14999,4.5,0.0,Economic
V-Guard 15 L Storage Water Geyser ,"Storage Geyser15 L2 Year on Product, 4 Year on Heating Element, 7 Year on Inner Tank",geyser,9999,4.0,1.0,Economic
Kenstar 15 L Storage Water Geyser ,Storage Geyser15 L2 Year warranty on Product and 5 years warranty on Tank,geyser,6999,4.1,11.0,Economic
Haier 10 L Storage Water Geyser ,Storage Geyser10 L4 year on Product components & 7 Year on Tank,geyser,8500,3.5,0.0,Economic
HARMAN INDUSTRIES 1 L Instant Water Geyser ,Instant Geyser1 LWarranty : 1 Year Limited Brand Domestic Warranty on Manufacturing Defects,geyser,1039,1.1,313.0,Economic
BAJAJ 6 L Storage Water Geyser ,Storage Geyser6 LIt comes with warranty of 7 year on tank / 2 year on product /3 years on heating element.,geyser,7999,2.9,0.0,Economic
Venus 25 L Storage Water Geyser ,"Storage Geyser25 LGuarantee -7 Years on Inner Tank, 3Years on Heating Element & 2 Years on Product",geyser,10500,4.2,2.0,Economic
USHA 25 L Storage Water Geyser ,"Storage Geyser25 L2 Years on Product, 3 Years on Heating Element and 8 Years on Tank",geyser,9575,3.2,7.0,Economic
Lenovo Yoga 6 AMD Ryzen 7 Octa Core 7730U ,AMD Ryzen 7 Octa Core Processor16 GB LPDDR4X RAMWindows 11 Operating System1 TB SSD33.78 cm (13.3 inch) Touchscreen Display1Yr Warranty + 1 Yr Premium Care and 1 Yr Accidental Damage Protection,laptops,80190,3.4,5.0,Premium
ASUS Chromebook Intel Celeron Dual Core N4500 ,Intel Celeron Dual Core Processor4 GB LPDDR4X RAMChrome Operating System35.56 cm (14 Inch) Display1 Year Onsite Warranty,laptops,13990,4.7,166.0,Economic
Apple MacBook AIR Apple M2 ,"Apple M2 Processor8 GB Unified Memory RAMMac OS Operating System512 GB SSD34.54 cm (13.6 Inch) DisplayBuilt-in Apps: iMovie, Siri, GarageBand, Pages, Numbers, Photos, Keynote, Safari, Mail, FaceTime, Messages, Maps, Stocks, Home, Voice Memos, Notes, Calendar, Contacts, Reminders, Photo Booth, Preview, Books, App Store, Time Machine, TV, Music, Podcasts, Find My, QuickTime Player1 Year Limited Warranty",laptops,97990,3.7,691.0,Premium
Infinix X3 Slim Intel Intel Core i7 12th Gen 1255U ,Intel Core i7 Processor (12th Gen)16 GB LPDDR4X RAMWindows 11 Operating System512 GB SSD35.56 cm (14 Inch) Display1 Year Onsite Warranty,laptops,42990,2.0,14.0,Mid-range
Lenovo IdeaPad Slim 3 AMD Ryzen 7 Octa Core 5700U ,AMD Ryzen 7 Octa Core Processor16 GB DDR4 RAMWindows 11 Operating System512 GB SSD39.62 cm (15.6 Inch) Display1Yr Warranty and 1 Yr Accidental Damage Protection,laptops,43190,4.1,52.0,Mid-range
Acer Aspire 3 Intel Core i5 12th Gen 1235U ,Intel Core i5 Processor (12th Gen)8 GB DDR4 RAM64 bit Windows 11 Operating System512 GB SSD39.62 cm (15.6 inch) Display1 Year International Travelers Warranty (ITW),laptops,43990,3.0,60.0,Mid-range
Infinix Y3 Max Series Intel Core i3 12th Gen 1215U ,Intel Core i3 Processor (12th Gen)8 GB LPDDR4X RAMWindows 11 Operating System256 GB SSD40.64 cm (16 Inch) Display1 Year Onsite Warranty,laptops,25990,4.6,12.0,Mid-range
Lenovo IdeaPad Slim 5 AI PC Intel Core Ultra 5 125H ,Intel Core Ultra 5 Processor16 GB LPDDR5X RAMWindows 11 Operating System1 TB SSD40.64 cm (16 inch) Display1Yr Warranty + 1 Yr Premium Care and 1 Yr Accidental Damage Protection,laptops,77990,4.3,25.0,Premium
ASUS TUF Gaming F15 with 90Whr Battery Intel Core i7 12th Gen 12700H ,"Intel Core i7 Processor (12th Gen)16 GB DDR4 RAMWindows 11 Operating System1 TB SSD39.62 cm (15.6 Inch) DisplayMicrosoft Office Home & Student 2021, Xbox Game Pass Ultimate_3 months1 Year Onsite Warranty",laptops,82990,3.9,0.0,Premium
Lenovo ThinkPad E14 AMD Ryzen 5 Hexa Core 7530U ,AMD Ryzen 5 Hexa Core Processor8 GB DDR4 RAMWindows 11 Operating System512 GB SSD35.56 cm (14 Inch) Display1 Year Onsite Warranty,laptops,47990,4.4,2.0,Mid-range
HP Spectre 16 Eyesafe Evo Intel Core i7 12th Gen 12700H ,Intel Core i7 Processor (12th Gen)16 GB LPDDR4X RAM64 bit Windows 11 Operating System512 GB SSD40.64 cm (16 Inch) Touchscreen Display1 Year Onsite Warranty,laptops,99990,2.0,2.0,Premium
ASUS Vivobook 15 Intel Core i5 12th Gen 1235U ,Intel Core i5 Processor (12th Gen)16 GB DDR4 RAMWindows 11 Operating System512 GB SSD39.62 cm (15.6 Inch) Display1 Year Onsite Warranty,laptops,45990,4.8,190.0,Mid-range
Lenovo AMD Ryzen 3 Quad Core 7330U ,AMD Ryzen 3 Quad Core Processor8 GB DDR4 RAMWindows 11 Operating System512 GB SSD35.56 cm (14 Inch) Display1 Year Onsite Warranty,laptops,32990,3.1,1.0,Mid-range
Acer Aspire Lite AMD Ryzen 7 Octa Core 5700U ,AMD Ryzen 7 Octa Core Processor16 GB DDR4 RAMWindows 11 Operating System1 TB SSD39.62 cm (15.6 inch) Display1 Year Carry-in Warranty,laptops,39990,4.8,0.0,Mid-range
Lenovo V SERIES Intel Core i5 12th Gen 1235U ,Intel Core i5 Processor (12th Gen)8 GB DDR4 RAMWindows 11 Operating System512 GB SSD40.64 cm (16 inch) Display1 Year Onsite Warranty,laptops,40190,4.9,3.0,Mid-range
HP AMD Ryzen 5 Hexa Core 5500U ,AMD Ryzen 5 Hexa Core Processor16 GB DDR4 RAMWindows 11 Operating System512 GB SSD39.62 cm (15.6 Inch) Display1 Year Onsite warranty,laptops,42990,4.1,223.0,Mid-range
HP FQ Series Intel Core i3 12th Gen 1215U ,Intel Core i3 Processor (12th Gen)8 GB DDR4 RAM64 bit Windows 11 Home Operating System512 GB SSD39.62 cm (15.6 inch) DisplayMicrosoft Office Home & Student 20211 Year Onsite Warranty,laptops,35899,1.9,2.0,Mid-range
Lenovo IdeaPad Slim 3 AMD Ryzen 5 Quad Core 7520U ,AMD Ryzen 5 Quad Core Processor16 GB LPDDR5 RAMWindows 11 Operating System512 GB SSD39.62 cm (15.6 Inch) DisplayMicrosoft Office Home & Student 20211Yr Warranty and 1 Yr Accidental Damage Protection,laptops,42990,4.1,10.0,Mid-range
Colorful Evol P15 Intel Core i7 13th Gen 13620H ,Intel Core i7 Processor (13th Gen)16 GB DDR5 RAMWindows 11 Operating System512 GB SSD39.62 cm (15.6 Inch) Display2 Year Carry-in Warranty,laptops,81990,4.5,4.0,Premium
Acer Aspire 3 Intel Core i3 12th Gen ,Intel Core i3 Processor (12th Gen)8 GB DDR4 RAM64 bit Windows 11 Operating System512 GB SSD39.62 cm (15.6 inch) Display1 Year International Travelers Warranty (ITW),laptops,30900,4.7,69.0,Mid-range
Ultimus Neo Intel Core i3 10th Gen Neo ,Intel Core i3 Processor (10th Gen)8 GB DDR4 RAMWindows 11 Operating System256 GB SSD35.81 cm (14.1 inch) DisplayPre loaded windows APP1 Year Domestic Warranty,laptops,19990,2.7,2.0,Economic
Lenovo ThinkBook AMD Ryzen 5 Hexa Core 7530U ,AMD Ryzen 5 Hexa Core Processor16 GB DDR4 RAMWindows 11 Operating System512 GB SSD40.64 cm (16 Inch) Display1 Year Onsite warranty,laptops,42990,2.0,23.0,Mid-range
Lenovo IdeaPad Slim 1 Intel Celeron Dual Core N4020 ,Intel Celeron Dual Core Processor8 GB DDR4 RAM64 bit Windows 11 Operating System256 GB SSD35.56 cm (14 Inch) Display1 Years Warranty,laptops,25790,4.1,233.0,Mid-range
ASUS VivoBook K15 OLED AMD Ryzen 7 Octa Core AMD R7,AMD Ryzen 7 Octa Core Processor16 GB DDR4 RAM64 bit Windows 11 Operating System512 GB SSD39.62 cm (15.6 Inch) Display1 Year onsite warranty,laptops,54990,4.4,202.0,Premium
Acer Predator Helios Neo 16 Intel Core i7 14th Gen 14700HX ,Intel Core i7 Processor (14th Gen)16 GB DDR5 RAMWindows 11 Operating System1 TB SSD40.64 cm (16 Inch) Display1 Year International Travelers Warranty (ITW),laptops,139990,2.6,0.0,Premium
ASUS TUF Gaming F15 ,Intel Core i5 Processor (11th Gen)8 GB DDR4 RAMWindows 11 Operating System512 GB SSD39.62 cm (15.6 inch) Display1 Year Onsite Warranty,laptops,49890,2.8,1.0,Mid-range
ASUS AMD Ryzen 7 Octa Core 7435HS ,AMD Ryzen 7 Octa Core Processor16 GB DDR5 RAMWindows 11 Operating System512 GB SSD39.62 cm (15.6 Inch) Touchscreen Display1 Year Onsite Warranty,laptops,56990,5.0,0.0,Premium
HP Victus Intel Core i7 12th Gen 12650H ,Intel Core i7 Processor (12th Gen)16 GB DDR4 RAMWindows 11 Operating System512 GB SSD39.62 cm (15.6 Inch) Display1 Year Onsite Warranty,laptops,78990,2.2,1.0,Premium
MSI Thin 15 Intel Core i7 13th Gen 13620H ,Intel Core i7 Processor (13th Gen)16 GB DDR4 RAMWindows 11 Operating System1 TB SSD39.62 cm (15.6 Inch) Display2 Year Onsite Warranty,laptops,82990,1.3,0.0,Premium
ASUS Vivobook 15 OLED Intel Core i5 13th Gen 1335U ,Intel Core i5 Processor (13th Gen)16 GB DDR4 RAMWindows 11 Operating System512 GB SSD39.62 cm (15.6 Inch) Display1 Year Onsite Warranty,laptops,72999,4.8,1.0,Premium
DELL Intel Core i3 12th Gen 1215U ,Intel Core i3 Processor (12th Gen)8 GB DDR4 RAMWindows 11 Operating System256 GB SSD39.62 cm (15.6 Inch) Display1 Year Onsite Warranty,laptops,32990,3.7,2.0,Mid-range
Infinix Intel Core i7 10th Gen 1065G7 ,Intel Core i7 Processor (10th Gen)8 GB LPDDR4X RAMWindows 11 Operating System512 GB SSD35.56 cm (14 Inch) Display1 Year Onsite Warranty,laptops,39990,1.6,0.0,Mid-range
DELL G15 Intel Core i5 12th Gen 12500H ,Intel Core i5 Processor (12th Gen)16 GB DDR5 RAM64 bit Windows 11 Operating System512 GB SSD96.52 cm (38 cm) Display1 Year Premium Support,laptops,70990,4.1,33.0,Premium
MSI Prestige 14 Evo AI PC Intel Core Ultra 5 1st Gen 125H ,Intel Core Ultra 5 Processor (1st Gen)16 GB DDR5 RAMWindows 11 Operating System1 TB SSD35.56 cm (14 Inch) Display2 Year Warranty Term,laptops,83990,3.8,0.0,Premium
Lenovo ThinkBook 16 G6 Intel Core i3 13th Gen 1315U ,Intel Core i3 Processor (13th Gen)8 GB DDR5 RAMWindows 11 Operating System512 GB SSD40.64 cm (16 Inch) Display1 Year Onsite warranty,laptops,38990,2.6,14.0,Mid-range
ASUS Intel Core i5 13th Gen ,Intel Core i5 Processor (13th Gen)8 GB DDR4 RAMWindows 11 Operating System512 GB SSD39.62 cm (15.6 inch) Display1 Year On Site Warranty,laptops,47990,1.4,0.0,Mid-range
Lenovo Legion 5 Intel Core i7 14th Gen 14650HX ,Intel Core i7 Processor (14th Gen)16 GB DDR5 RAMWindows 11 Operating System1 TB SSD40.64 cm (16 Inch) DisplayOffice Home & Student 20211Yr Warranty + 1 Yr Legion Ultimate Support and 1 Yr Accidental Damage Protection,laptops,129690,3.4,2.0,Premium
ASUS Vivobook Go 15 OLED AMD Ryzen 5 Quad Core 7520U ,AMD Ryzen 5 Quad Core Processor8 GB LPDDR5 RAMWindows 11 Operating System512 GB SSD39.62 cm (15.6 Inch) Display1 Year Onsite Warranty,laptops,43990,1.6,163.0,Mid-range
Infinix INBook X1 Neo Series Intel Celeron Quad Core N5100 ,Intel Celeron Quad Core Processor4 GB LPDDR4X RAM64 bit Windows 11 Operating System128 GB SSD35.56 cm (14 inch) Display1 Year Onsite Warranty,laptops,20490,3.2,153.0,Mid-range
Acer Nitro V Intel Core i5 13th Gen 13420H ,Intel Core i5 Processor (13th Gen)16 GB DDR5 RAM64 bit Windows 11 Operating System512 GB SSD39.62 cm (15.6 Inch) Display1 Year International Travelers Warranty (ITW),laptops,71990,2.5,2.0,Premium
Lenovo V15 AMD Ryzen 3 Quad Core 5300U ,AMD Ryzen 3 Quad Core Processor8 GB DDR4 RAMWindows 11 Operating System512 GB SSD39.62 cm (15.6 Inch) Display1 Year Onsite Warranty,laptops,29238,4.4,45.0,Mid-range
GIGABYTE AORUS Series Intel Core i5 12th Gen 12500H ,Intel Core i5 Processor (12th Gen)8 GB DDR5 RAMWindows 11 Operating System512 GB SSD39.62 cm (15.6 inch) Display2 Year Carry-in Warranty,laptops,79990,2.7,0.0,Premium
HP G9 AMD Ryzen 5 Hexa Core 5th Gen 5625U ,AMD Ryzen 5 Hexa Core Processor (5th Gen)16 GB DDR4 RAM64 bit Windows 11 Operating System512 GB SSD39.62 cm (15.6 inch) Display1 Year Onsite Warranty,laptops,36990,2.0,0.0,Mid-range
"ASUS ROG Strix G16, 90WHrs Battery Intel Core i7 13th Gen 13650HX ",Intel Core i7 Processor (13th Gen)16 GB DDR5 RAMWindows 11 Operating System1 TB SSD40.64 cm (16 Inch) Display1 Year Onsite warranty,laptops,154990,1.6,0.0,Premium
ASUS TUF Gaming F15 Intel Core i5 10th Gen 10300H ,Intel Core i5 Processor (10th Gen)8 GB DDR4 RAM64 bit Windows 10 Operating System512 GB SSD39.62 cm (15.6 Inch) DisplayNA1 Year Onsite Warranty,laptops,64999,2.1,639.0,Premium
DELL Intel Core i3 13th Gen 1305U ,Intel Core i3 Processor (13th Gen)8 GB DDR4 RAMWindows 11 Operating System512 GB SSD39.62 cm (15.6 inch) Display1 Year Onsite Warranty,laptops,38990,1.4,0.0,Mid-range
HP Intel Core i5 13th Gen 1334U ,Intel Core i5 Processor (13th Gen)16 GB DDR4 RAMWindows 11 Operating System512 GB SSD39.62 cm (15.6 inch) Display1 Year Onsite warranty,laptops,55990,2.5,3.0,Premium
Lenovo Intel Core i5 13th Gen ,Intel Core i5 Processor (13th Gen)16 GB DDR5 RAMWindows 11 Operating System512 GB SSD40.64 cm (16 inch) Display1 year Onsite Warrenty,laptops,58890,2.6,0.0,Premium
HP Victus Intel Core i5 12th Gen 12450H ,Intel Core i5 Processor (12th Gen)8 GB DDR4 RAMWindows 11 Operating System512 GB SSD39.62 cm (15.6 inch) Display1 Year Onsite Warranty,laptops,55990,2.2,75.0,Premium
Apple MacBook Air Apple M3 ,"Apple M3 Processor8 GB Unified Memory RAMMac OS Operating System512 GB SSD38.1 cm (15 Inch) DisplayBuilt-in Apps: App Store, Books, Calendar, Contacts, FaceTime, Find My, Freeform, GarageBand, Home, iMovie, Keynote, Mail, Maps, Messages, Music, Notes, Numbers, Pages, Photo Booth, Photos, Podcasts, Preview, QuickTime Player, Reminders, Safari, Shortcuts, Siri, Stocks, Time Machine, TV, Voice Memos1 Year Onsite Warranty",laptops,145490,3.6,24.0,Premium
Apple MacBook AIR Apple M2 ,"Apple M2 Processor8 GB Unified Memory RAMMac OS Operating System512 GB SSD34.54 cm (13.6 Inch) DisplayBuilt-in Apps: iMovie, Siri, GarageBand, Pages, Numbers, Photos, Keynote, Safari, Mail, FaceTime, Messages, Maps, Stocks, Home, Voice Memos, Notes, Calendar, Contacts, Reminders, Photo Booth, Preview, Books, App Store, Time Machine, TV, Music, Podcasts, Find My, QuickTime Player1 Year Limited WarraÂ­nty",laptops,97990,4.4,691.0,Premium
Lenovo LOQ Intel Core i5 12th Gen 12450HX ,Intel Core i5 Processor (12th Gen)16 GB DDR5 RAMWindows 11 Operating System512 GB SSD39.62 cm (15.6 inch) Display1Yr Warranty and 1 Yr Accidental Damage Protection,laptops,105090,4.8,11.0,Premium
Apple MacBook Pro Apple M3 Pro ,"Apple M3 Pro Processor18 GB Unified Memory RAMMac OS Operating System512 GB SSD40.64 cm (16 Inch) DisplayBuilt-in Apps- App Store, Books, Calendar, Contacts, FaceTime, Find My, Freeform, GarageBand, Home, iMovie, Keynote, Mail, Maps, Messages, Music, Notes, Numbers, Pages, Photo Booth, Photos, Podcasts, Preview, QuickTime Player, Reminders, Safari, Shortcuts, Siri, Stocks, Time Machine, TV, Voice Memos1 Year Limited Warranty",laptops,234990,3.1,0.0,Premium
Haier 9 kg,1400 rpm Max Speed5 Star Rating5 Year Comprehensive Warranty on Product and 20 Years Warranty on Motor.,washing machine,35990,2.6,97.0,Mid-range
Lloyd by Havells 7.5 kg,1300 rpm Max Speed5 Star Rating2 Years Comprehensive Warranty on Product and 5 Years Warranty on Wash Motor,washing machine,9990,3.9,163.0,Economic
Godrej 7.5 kg,1440 rpm Max Speed5 Star Rating2 Years Comprehensive Warranty on Product and 5 Years Warranty on Wash Motor,washing machine,10490,2.5,179.0,Economic
LG 9 kg,780 rpm Max Speed5 Star RatingWith In-Built Heater2 Years Comprehensive Warranty on Product and 10 Years Warranty on Motor,washing machine,27990,3.1,4.0,Mid-range
IFB 7 kg,720 rpm Max Speed5 Star Rating4 Years Comprehensive Warranty + 10 years Motor Warranty + 10 years Spares Support,washing machine,17490,2.9,1590.0,Economic
SAMSUNG 8 kg,"700 rpm Max Speed5 Star Rating2 years comprehensive warranty on the product, 20 years warranty on the DIT Motor",washing machine,21490,4.1,1182.0,Mid-range
IFB 6 kg,"800 rpm Max Speed5 Star RatingWith In-Built Heater4 Years Comprehensive Warranty, 10 Years Motor Warranty, 10 Years Spares Support",washing machine,21990,1.1,990.0,Economic
Electrolux 9 kg,1200 rpm Max Speed5 Star Rating2 Years Standard Warranty on Product and 10 Years Warranty on Inverter Motor,washing machine,34990,2.7,8.0,Mid-range
Godrej 8 kg,1400 rpm Max Speed5 Star Rating2 Years Comprehensive Warranty and 5 Years on Wash Motor,washing machine,14790,3.7,36.0,Economic
IFB 8 kg,"1400 RPM Max Speed5 Star Rating4 Years Comprehensive Warranty, 10 Years Motor Warranty, 10 Years Spares Support",washing machine,36790,2.9,103.0,Mid-range
MarQ by Flipkart 9 kg,1350 rpm Max Speed5 Star Rating2 Years Warranty on Product and 5 Years Warranty on Motor,washing machine,9790,2.3,5142.0,Economic
SAMSUNG 10 kg,"700 rpm Max Speed5 Star Rating2 years comprehensive warranty on the product, 20 years warranty on the DIT Motor",washing machine,30990,3.5,4973.0,Mid-range
Thomson 11 kg,900 rpm Max Speed5 Star Rating2 Years Comprehensive Warranty on Product and 5 Years Warranty on Motor,washing machine,15999,1.9,561.0,Economic
MarQ by Flipkart 7.5 kg,1400 RPM Max Speed5 Star Rating2 Years Comprehensive and 5 Years on Wash Motor,washing machine,7990,1.9,2399.0,Economic
Godrej 7.5 kg,670 rpm Max Speed5 Star Rating2 Years on Product and 10 Years on Motor from Godrej,washing machine,18490,1.8,114.0,Economic
Thomson 8 kg,700 rpm Max Speed2 Years Warranty on Product and 5 Years Warranty on Motor,washing machine,15990,4.1,119.0,Economic
Godrej 7 kg,720 rpm Max Speed5 Star Rating2 Years Comprehensive Warranty on Product and 10 Years Warranty on Motor,washing machine,15990,2.0,351.0,Economic
Godrej 8 kg,1400 RPM Max Speed5 Star Rating2 Years Complete Produc,washing machine,12707,1.9,1.0,Economic
SAMSUNG 6 kg,1000 RPM Max SpeedWith In-Built Heater3 Years Warranty on Product and 10 Years on Motor,washing machine,24990,3.4,7.0,Mid-range
Lloyd by Havells 7.5 kg,600 RPM Max Speed5 Star Rating2 Years Comprehensive Warranty and 5 Years on Motor from Lloyd,washing machine,12549,4.6,163.0,Economic
Whirlpool 7 kg,"1400 RPM Max Speed2 Years Comprehensive Warranty and 5 Years Warranty on Wash Motor, Spin motor and Prime Mover from Whirlpool",washing machine,9869,1.4,9.0,Economic
IFB 7 kg,"1000 RPM Max Speed5 Star RatingWith In-Built Heater4 Years Comprehensive Warranty, 10 Years Motor Warranty, 10 Years Spares Support",washing machine,32600,3.6,114.0,Mid-range
ONIDA 12 kg,1300 rpm Max Speed5 Star Rating2 Years Comprehensive Warranty on Product and 10 Years Warranty on Motor from Onida,washing machine,15790,4.0,37.0,Economic
Whirlpool 9 kg,740 rpm Max Speed5 Star RatingWith In-Built Heater2 Years Comprehensive Warranty on Product and 10 Years Additional Warranty on Motor,washing machine,22990,4.7,1466.0,Mid-range
Whirlpool 8.5 kg,740 rpm Max Speed5 Star RatingWith In-Built Heater2 Years Comprehensive Warranty on Product and 10 Years Additional Warranty on Motor,washing machine,20960,1.8,0.0,Economic
IFB 6.5 kg,"1000 RPM Max Speed5 Star RatingWith In-Built Heater4 Years Comprehensive Warranty, 10 Years Motor Warranty, 10 Years Spares Support",washing machine,32790,3.3,267.0,Mid-range
Godrej 7.5 kg,670 RPM Max Speed5 Star Rating2 Years Comprehensive Warranty and 5 Years Warranty on Motor from Godrej,washing machine,17490,2.6,0.0,Economic
Godrej 7.5 kg,670 rpm Max Speed5 Star Rating2 Years Warranty on Product? and 10 Years Warranty on Motor,washing machine,16072,1.3,0.0,Economic
Godrej 7.5 kg,670 rpm Max Speed5 Star Rating3 Years Comprehensive Warranty on Product and 12 Years Warranty on Motor,washing machine,17199,4.7,0.0,Economic
Godrej 8 kg,720 RPM Max Speed5 Star Rating3 Years Complete,washing machine,12409,3.4,0.0,Economic
Voltas Beko 7.5 kg,0 rpm Max Speed1 Year Warranty on Product and 5 Years Warranty on Motor,washing machine,7490,2.8,1.0,Economic
IFB 6.5 kg,"720 rpm Max Speed5 Star RatingWith In-Built Heater4 Years Comprehensive Warranty on Product, 10 Years Warranty on Motor and 10 Years Spares Support",washing machine,22990,1.8,0.0,Mid-range
Lloyd by Havells 8 kg,700 RPM Max Speed5 Star RatingWith In-Built Heater2 Years On Product and 10 Years on Motor,washing machine,21599,3.9,0.0,Mid-range
Whirlpool 8.5 kg,1450 rpm Max Speed5 Star Rating2 Years Comprehensive Warranty on Product and 5 Years Warranty on Motor and Prime Mover from Whirlpool,washing machine,14941,3.2,33.0,Economic
SAMSUNG 7 kg,"1200 rpm Max Speed5 Star RatingWith In-Built Heater2 years comprehensive warranty on the product, 20 years warranty on the DIT Motor",washing machine,35500,4.9,438.0,Mid-range
Admiral 6.5 kg,1350 rpm Max Speed5 Star Rating3 Years Warranty on Product,washing machine,7790,2.7,1.0,Economic
Whirlpool 6.5 kg,740 rpm Max Speed5 Star Rating2 Years Comprehensive Warranty on Product and 5 Years on Prime Mover and Motor,washing machine,17490,4.3,5.0,Economic
Whirlpool 7 kg,740 RPM Max Speed5 Star Rating2  Year on Product and 10 Years on Compressor from Whirlpool,washing machine,15890,4.6,13.0,Economic
Panasonic 8 kg,702 rpm Max Speed5 Star RatingWith In-Built Heater2 Years Comprehensive Warranty and 10 Years Warranty on Motor from Panasonic,washing machine,25990,3.4,9.0,Mid-range
BOSCH 9 kg,1400 rpm Max Speed5 Star RatingWith In-Built Heater2 Years Warranty on Product and 12 Years Warranty on Motor,washing machine,44523,1.6,0.0,Mid-range
Whirlpool 7 kg,1000 rpm Max SpeedWith In-Built Heater2 Years Comprehensive and 10 Years on Motor from Whirlpool,washing machine,27990,3.8,28.0,Mid-range
BOSCH 7.5 kg,680 RPM Max Speed2 Years Warranty on Product,washing machine,23513,4.4,1.0,Mid-range
SAMSUNG 6.5 kg,"700 RPM Max Speed5 Star Rating2 years on product, 2 years on motor (T&C Apply)",washing machine,11390,1.8,13.0,Economic
Whirlpool 8.5 kg,740 RPM Max Speed5 Star RatingWith In-Built Heater2 Years Comprehensive Warranty on Product and 10 Years Warranty on Wash Motor and Prime Mover,washing machine,21990,1.5,0.0,Economic
LG 9 kg,700 RPM Max Speed5 Star Rating2 Years Comprehensive and 10 Years on Motor from LG,washing machine,29990,1.7,0.0,Mid-range
DMR 3/1.5 kg,0 RPM Max Speed1 year Free Spare Supply warranty,washing machine,5499,2.0,5.0,Economic
Whirlpool 7 kg,"1200 RPM Max Speed5 Star RatingWith In-Built Heater3 years on product,10 years on Motor Manufacturing Warranty.",washing machine,29950,1.2,0.0,Mid-range
Lloyd by Havells 8 kg,600 rpm Max Speed5 Star Rating2 Years Comprehensive Warranty and 5 Years on Motor from Lloyd,washing machine,13999,3.8,1.0,Economic
LG 7 kg,1200 RPM Max Speed5 Star RatingWith In-Built Heater2 Years Warranty on Product and 10 Years Warranty on Motor (T&C),washing machine,37990,1.9,0.0,Mid-range
DMR 4.6 kg,240 RPM Max Speed5 Star Rating1 years Free Spare Supply Warranty,washing machine,6099,3.8,0.0,Economic
DMR 4 kg,250 RPM Max Speed1 years Free Spare Supply Warranty,washing machine,12890,4.7,0.0,Economic
Panasonic 8 kg,1350 RPM Max Speed5 Star Rating2 YEAR,washing machine,12925,3.0,2.0,Economic
BOSCH 8 kg,1360 RPM Max Speed5 Star Rating2 Years Comprehension Warranty on Product and 7 Years Warranty on Wash Motor,washing machine,14000,4.1,0.0,Economic
Voltas Beko by A Tata Product 7.5 kg,1300 rpm Max Speed5 Star Rating2 Year comprehensive Warranty on Product and additional 03 Years on Wash & Spin Motor,washing machine,11849,3.1,1.0,Economic
Thomson 8.5 kg,1400 rpm Max Speed5 Star Rating2 Years Comprehensive Warranty and 4 Years Warranty on Motor from Thomson,washing machine,10590,4.4,259.0,Economic
Godrej 6.2 kg,700 rpm Max Speed2 Years comprehensive warranty from Godrej,washing machine,16699,3.6,287.0,Economic
Voltas Beko by A Tata Product 8 kg,"1300 RPM Max Speed5 Star Rating1 Washing Machine, Inlet Hose, Gland, User Manual",washing machine,11930,3.9,2.0,Economic
Voltas Beko by A Tata Product 8.5 kg,1300 rpm Max Speed5 Star Rating2 Years Comprehensive and Additional 3 Years On Wash and Spin Motor from Voltas Beko,washing machine,12760,3.3,5.0,Economic
SAMSUNG 7.5 kg,680 rpm Max Speed3 Years Comprehensive Warranty and 10 Years Warranty on Motor from Samsung,washing machine,26200,2.6,10.0,Mid-range
Panasonic 10.5 kg,"800 RPM Max Speed5 Star Rating2 YEAR WARRANTY   , 8 YEAR MOTOR",washing machine,30494,2.3,0.0,Mid-range
Whirlpool 7 kg,740 RPM Max Speed5 Star Rating.,washing machine,16760,2.3,0.0,Economic
Lloyd 7.5 kg,700 rpm Max Speed5 Star Rating2 Years Comprehensive Warranty on Product and 10 Years Additional Warranty on Motor,washing machine,17000,4.7,0.0,Economic
Whirlpool 6.5 kg,1400 rpm Max Speed5 Star Rating4 Years Comprehensive Warranty and 5 Years Warranty on Motor,washing machine,9090,4.3,1340.0,Economic
Panasonic 7 kg,"702 RPM Max Speed5 Star RatingWith In-Built Heater2 YEAR WARRANTY , 10 YEAR MOTOR",washing machine,23890,4.8,0.0,Mid-range
Panasonic 7.5 kg,702 RPM Max Speed5 Star RatingWith In-Built Heater2 Years On Product and 12 Years on Motor,washing machine,25280,1.9,0.0,Mid-range
Haier 6 kg,800 RPM Max Speed1 Years Manufacturer Warranty & 10 Years Motors,washing machine,21100,2.0,0.0,Economic
LG 8 kg,1400 rpm Max Speed5 Star RatingWith Wi-Fi Connectivity2 Years Comprehensive Warranty and 10 Years on Motor From LG,washing machine,37599,4.9,10.0,Mid-range
SAMSUNG 7 kg,"700 rpm Max Speed5 Star Rating2 years comprehensive warranty on the product, 20 years warranty on the DIT Motor",washing machine,23490,1.2,4973.0,Mid-range
